request_id,requester_received_pizza
t3_i8iy4,0.484779890788
t3_1mfqi0,0.488555615112
t3_lclka,0.420164521917
t3_1jdgdj,0.469241086528
t3_t2qt4,0.486589364013
t3_pvojb,0.407324867247
t3_142n4c,0.415054451798
t3_17rja6,0.493719548926
t3_1lg6u2,0.491777819457
t3_1b0mtx,0.541272467048
t3_mmivq,0.529250141685
t3_11ux2a,0.431105385428
t3_klige,0.395422224245
t3_1iv3cj,0.446312842768
t3_13dh0w,0.458593093357
t3_li326,0.427504135254
t3_xww8y,0.482055276221
t3_kogen,0.490148587616
t3_ik8w1,0.461353238482
t3_j3nnl,0.459329258764
t3_j6xvd,0.221808499796
t3_1lsrj5,0.46076610413
t3_idld7,0.357669095313
t3_y6amf,0.456688843827
t3_hl0ft,0.445661546535
t3_jg6yk,0.470876917105
t3_1k5ss6,0.477099246808
t3_u6i4z,0.377898960028
t3_ltuhq,0.456765774098
t3_1m2om7,0.481912126908
t3_hgdtf,0.498837632393
t3_w89lu,0.660833915595
t3_ifk6u,0.499386554416
t3_18c4e9,0.467021555538
t3_133rk6,0.495897184721
t3_icpa2,0.476395707896
t3_tllxh,0.572541119914
t3_ibvic,0.722641404484
t3_153cst,0.502162361399
t3_115vox,0.593109174747
t3_n318c,0.285184917661
t3_ojy6r,0.479620162294
t3_wziql,0.525343376675
t3_jiwx8,0.379440600431
t3_ibsyq,0.379141318272
t3_v07fz,0.493814553952
t3_us9ho,0.574603251873
t3_1l120o,0.474705248685
t3_1avwr4,0.422993340424
t3_11pdxt,0.514588634018
t3_1eg6hz,0.429120029722
t3_nfom9,0.43000468536
t3_qaf9d,0.48473859663
t3_15dl3p,0.339954793244
t3_1ietp9,0.464543878179
t3_if8os,0.500284891712
t3_irugk,0.492044905409
t3_i5liz,0.184320114613
t3_1indge,0.447654511831
t3_1j6smi,0.492252278647
t3_1lxyig,0.480641453402
t3_hecc7,0.429362655975
t3_14tiyz,0.269442611647
t3_k1z07,0.481859582284
t3_10wwjr,0.401514757746
t3_lvs72,0.498497402302
t3_18u12f,0.101778542764
t3_yftil,0.483456113622
t3_i20wz,0.43079861983
t3_zs6gr,0.482253245719
t3_17rugq,0.656075394045
t3_10cmhw,0.150766427156
t3_1jgj8g,0.180254222951
t3_16q2jp,0.513348784791
t3_1hbpnz,0.478461951422
t3_1737ki,0.500874493361
t3_pfl37,0.388067672221
t3_qg1wv,0.465223871102
t3_wcupv,0.454048607269
t3_14gsx5,0.471878742872
t3_xzsu3,0.450473777929
t3_1lnsb4,0.459819047548
t3_iympu,0.152323246612
t3_k9o6g,0.470031955468
t3_1ktbje,0.473247433165
t3_zuow2,0.463034179988
t3_16tazw,0.457790738257
t3_pvl3a,0.473805404296
t3_11a45a,0.499872940113
t3_187gk8,0.48522636367
t3_jrtbz,0.422792408156
t3_lagsc,0.479890564453
t3_rt9rt,0.45826796499
t3_15qz4q,0.524891705653
t3_hz1m5,0.362086195665
t3_119agf,0.488954368802
t3_k70hk,0.389011322274
t3_i2xbl,0.418138822696
t3_10gk0h,0.341567775397
t3_1mwaf9,0.485250525557
t3_uwwyl,0.449727880411
t3_10ca6l,0.542231074784
t3_1h4mik,0.438449611211
t3_i0qp5,0.455937610916
t3_krx89,0.342711324597
t3_ibtwa,0.486425285606
t3_11tb71,0.468866596553
t3_sfrhj,0.435554325158
t3_jncp2,0.497280556563
t3_t7qee,0.46107554322
t3_zxawy,0.347520518007
t3_id14p,0.487314001678
t3_1by9im,0.488465992651
t3_hwxwd,0.463187697386
t3_jmo2j,0.487729483097
t3_wc93i,0.416476012474
t3_qzu7s,0.452931485611
t3_xn9n8,0.438588099939
t3_10vrop,0.825172250342
t3_1crhe7,0.47409023686
t3_sz4rm,0.402554117675
t3_micek,0.491588034179
t3_nbkbt,0.446316674811
t3_13jofn,0.450703741969
t3_1fwjjw,0.483362653357
t3_q2spw,0.417994700009
t3_v8f7b,0.474112523869
t3_1cnqfg,0.406058821905
t3_xn0no,0.367895072319
t3_ki6jk,0.437873987441
t3_mbcj7,0.517922137625
t3_j65lu,0.439027526186
t3_jm9ld,0.406758331567
t3_tfo4q,0.404880333139
t3_1160fi,0.438111803841
t3_yg7bf,0.462830135968
t3_naauc,0.468935707241
t3_14tdkv,0.501221451172
t3_ozrs5,0.490032904393
t3_mywtr,0.431436828356
t3_14bzcp,0.484715622119
t3_1hwd6l,0.450174511558
t3_10wbvp,0.473811815087
t3_1bn2ov,0.467460507195
t3_14talm,0.453470347209
t3_13seyz,-0.302198519665
t3_jnywu,0.44843859547
t3_tdww7,0.332199106017
t3_vn1l9,0.495213282834
t3_zhzk6,0.492765696142
t3_1fyoex,0.364478496701
t3_11t3kg,0.476656292237
t3_tubzr,0.453722430459
t3_1gstqn,0.446138086632
t3_1euaic,0.50252635252
t3_ynaia,0.475490970028
t3_1mwhh9,0.432826150556
t3_m1y90,0.440188793397
t3_1je8f1,0.462817763669
t3_rx4zo,0.485276933994
t3_1f8kvl,0.491574010363
t3_1is6ya,0.227456929331
t3_iai8b,0.435108485985
t3_1fnw48,0.492725111524
t3_vmwzf,0.482079983195
t3_jg8jk,0.45998847365
t3_12hejm,0.513919752385
t3_1krjs4,0.256231486399
t3_k4utv,0.414295054535
t3_xbitu,0.484495501085
t3_13y8zq,0.446976532069
t3_q60gf,0.570023978147
t3_jb9gi,0.452736292158
t3_t22lo,0.630559159685
t3_vptrf,0.472788283725
t3_1cexg7,0.561790681929
t3_yuxak,0.385207302878
t3_kdstl,0.426435284371
t3_1gy3zk,0.779702143229
t3_1cn4fz,0.03528285132
t3_1o5psw,0.4995652172
t3_1fi04r,0.517132560583
t3_ovnya,0.520411170504
t3_puk2v,0.44440443595
t3_1mwqc3,0.473447057755
t3_hueth,0.483787576577
t3_1muyje,0.374879724579
t3_l5kka,0.370166838725
t3_1cmihx,0.454328111563
t3_10j1np,0.481232006443
t3_sydf2,0.485245434681
t3_1fcf2h,0.356518349085
t3_m2id2,0.431774922577
t3_m0vt8,0.379965359921
t3_14t7j9,0.476630655635
t3_1b0jci,0.441313093229
t3_zsa2t,0.48079263616
t3_xd60b,0.414972745923
t3_htzo7,0.518897039634
t3_1hl0jw,0.482933016253
t3_19lq75,0.330550999938
t3_1bp2u8,0.436574201903
t3_jdxtx,0.417601633167
t3_j68ur,0.462925414291
t3_10fo7v,0.666612691901
t3_18cqfw,0.556043656722
t3_1bp1we,0.447533308033
t3_hzzgp,0.479781445918
t3_jrzko,0.464694522513
t3_ieglz,0.351429485928
t3_113kuj,0.462049343906
t3_ledoj,0.481726258828
t3_iy36f,0.464239600082
t3_113qym,0.491947020333
t3_zha1q,0.484187254957
t3_16xsqk,0.469580252958
t3_tq5qq,0.433107270056
t3_y2qle,0.474124702328
t3_jafft,0.40172424192
t3_s6iox,0.357447345778
t3_vhs8y,0.361268855223
t3_kyw1u,0.458050868485
t3_12839n,0.502261554529
t3_jsaom,0.46634533704
t3_qmp3p,0.351771602204
t3_ny3zk,0.493299110988
t3_lkmwg,0.4847370918
t3_uhmf8,0.469458302421
t3_hyr3z,0.495766011014
t3_pvs82,0.477737299373
t3_htfi5,0.466463306247
t3_ltyr4,0.673993317113
t3_x285o,0.421623469658
t3_j2fxf,0.448231081513
t3_lt6l5,0.511109492111
t3_mlwsc,0.48810323472
t3_kwlpi,0.345743600937
t3_susbr,0.448936883233
t3_13ww4i,0.449543769017
t3_rs4rl,0.468990946646
t3_12l3sq,0.363473929734
t3_1e7zhc,0.456343321872
t3_14ssun,0.118909830717
t3_pbh5x,0.397014929323
t3_1iemsj,0.428348019664
t3_qdn9m,0.449112656549
t3_ienvf,0.462540349373
t3_1ckh9t,0.490898901611
t3_hwzc2,0.456952713513
t3_p3lkq,0.640958024826
t3_icr1j,0.401938291207
t3_1ipgcx,0.385535784608
t3_iqw0f,0.353799041179
t3_1fbfeg,0.447632039543
t3_j7us6,0.453652021649
t3_iwany,0.381434360061
t3_mdhq5,0.550653506792
t3_wag1s,0.36161228276
t3_1kvwpq,0.464182518133
t3_plp25,0.505241768185
t3_k3qyc,0.471772843762
t3_12txtd,0.422300653083
t3_irj2c,0.431982842009
t3_qnrv7,0.507815623873
t3_m7bdd,0.466853437812
t3_10qngl,0.543350605993
t3_10d4a8,0.496589005185
t3_w160y,0.399602935778
t3_lp1ux,0.121420592016
t3_1i6bna,0.519030262587
t3_1g74wk,0.47443627117
t3_18pv4q,0.415419832626
t3_1epv0f,0.502915726097
t3_1mvb6s,-0.209264445773
t3_17z37c,0.469799231121
t3_m6np7,0.427434988482
t3_11tiox,0.463832645104
t3_jf55a,0.454367175742
t3_l3g0s,0.455089195558
t3_19p6mc,0.442076061013
t3_xeedv,0.455431660741
t3_slq9i,0.353819864824
t3_jirtz,0.4954170082
t3_tblcz,0.345465405746
t3_qqud3,0.525577351717
t3_r06po,0.488178262622
t3_1l2a9r,0.474900848259
t3_iefba,0.49028653308
t3_kbc4h,0.431895113897
t3_mc7hx,0.483046448758
t3_1cyxp5,0.497784504833
t3_1lmc4f,0.473847741824
t3_wo6p3,0.435095248816
t3_ojtem,0.459068311675
t3_k3yrb,-0.186028105317
t3_i8xhn,0.502656815222
t3_w6xdm,0.476983563106
t3_1mxpun,0.466448846907
t3_1lx6vd,0.451081306795
t3_j8hka,0.480004739477
t3_xawwv,0.479084352032
t3_1l19vv,0.477771251709
t3_j4vbo,0.394106388947
t3_1ikc0d,0.504699741997
t3_m6rdr,0.432745480058
t3_19xxso,0.490820533764
t3_jt1ti,0.433952804874
t3_1abab2,0.446253045529
t3_17rl0y,0.483344684389
t3_jdfhh,0.48287248545
t3_1atk3v,0.357504252543
t3_tglzi,0.460171583913
t3_1iv6uf,0.437480112883
t3_p85iu,0.50932283441
t3_x9v8i,0.385103134714
t3_mwclc,0.501057151346
t3_1432t6,0.432849727459
t3_1732xx,0.468351323006
t3_uaqw7,0.39608327831
t3_jwam4,0.464811957269
t3_143pb1,0.360429148475
t3_ixmw3,0.463584920394
t3_roye7,0.703910664653
t3_1l1b96,0.387232824099
t3_1lfxmx,0.299549350118
t3_sm0fi,0.48060123845
t3_x6xfz,0.56162229167
t3_1akj1c,0.433034454662
t3_jzcyp,0.208861341574
t3_o1gb7,0.376049921987
t3_1dapt6,0.437588655071
t3_1a1wmz,0.488381483331
t3_17apty,0.469200982788
t3_13fi4r,0.453512931131
t3_1ly2ne,0.241369935753
t3_1mvmz3,0.285939259683
t3_10uh4n,0.385291514625
t3_1m4s8q,0.350853189479
t3_wd1bd,0.476360615593
t3_ifih0,0.494349328181
t3_1hbxzi,0.517985710571
t3_qs09d,0.430005308553
t3_mjf5t,0.484957225819
t3_12p4qj,0.807225582746
t3_soea1,0.46487759232
t3_jly5g,0.408828043118
t3_1lcmkx,0.433778253379
t3_1jo0bx,0.18880201294
t3_1ltp6r,0.46901448802
t3_181l4t,0.458392234367
t3_ipzg4,0.502191087464
t3_js0ju,0.459156045281
t3_1gveed,0.292822079557
t3_tozvc,0.465815228258
t3_1kilzb,0.85876827484
t3_185vvk,0.445140928487
t3_m47yc,0.486312695637
t3_1mg7m1,0.692560041192
t3_1mdya5,0.500963715102
t3_19ctqj,0.460517329302
t3_1mim72,0.440576878132
t3_iymko,0.450777451865
t3_opkmm,0.440816402673
t3_y466n,0.26641295173
t3_jx9tr,0.455615223191
t3_10zoec,0.474917126767
t3_u08u0,0.4656614113
t3_19ob9z,0.400073913011
t3_jzkd1,0.472918544011
t3_q73oq,0.399955661799
t3_y5vj7,0.47368434645
t3_y8w7b,0.45360131546
t3_kxjsp,0.361379260007
t3_1ivwvt,0.480982107067
t3_x768a,0.430315920528
t3_1iv28l,0.47228429673
t3_1l27b3,0.462101005263
t3_q1xxo,0.478676763948
t3_jb6na,0.487109517601
t3_163bzy,0.518882323264
t3_qsejn,0.176138426726
t3_1nbrku,0.362294573747
t3_1ej7wt,0.497813429352
t3_zh75s,0.485196738474
t3_lstm9,0.471374092085
t3_1j5z7e,0.45961773994
t3_1574sv,0.681146567952
t3_wkdxa,0.45510570485
t3_pl5aj,0.476311952017
t3_qap6u,0.462026490869
t3_1gvnj8,0
t3_js9gy,0.442938641946
t3_is8cd,0.434095754802
t3_lbl8w,0.458725667352
t3_uozbx,0.453668573432
t3_1lxntp,0.475974172176
t3_11n72r,0.459609468111
t3_1iez8q,0.393851849202
t3_ozu7k,0.521379842287
t3_owy0m,0.440034699878
t3_1md6b9,0.164845519145
t3_1ex028,0.243416359347
t3_1dg2bk,0.431501493832
t3_hzt8o,0.482925366655
t3_131n6r,0.548755644705
t3_1jxgvf,0.0522694510878
t3_jmdya,0.42984471189
t3_mg1zt,0.401839061844
t3_j0cz0,0.479814142533
t3_k1gsx,0.534884512563
t3_1dmups,0.449448697041
t3_x959y,0.480345122035
t3_nnbds,0.5008345909
t3_13trxv,0.535903888843
t3_1awfml,0.421740744697
t3_lyy5x,0.467930137106
t3_1iwegx,0.398991596062
t3_193frj,0.427230273074
t3_1iudup,0.435467025907
t3_1fwbdg,0.43547885203
t3_16xtvk,0.441399382357
t3_1ipepz,0.70781772364
t3_mhcm8,0.454717306326
t3_1gq3gs,0.515230180782
t3_vghwo,0.479929012302
t3_keseq,0.468710776463
t3_16z08l,0.426875273117
t3_mas62,0.498170444245
t3_1isgm3,0.477708708101
t3_puwjr,-0.0272077756557
t3_liudo,0.317663057885
t3_jxh9m,0.445468641529
t3_11yzo2,0.464944955305
t3_1btj3q,0.388781784034
t3_lfma1,0.448965600211
t3_pbyjt,0.145915022284
t3_1jo4f6,0.465030572591
t3_yejtx,0.392234990017
t3_193zoz,0.445962582152
t3_16w2nh,0.472981119256
t3_jhmef,0.465804116405
t3_tlbjk,0.27049506411
t3_s80om,0.494730450314
t3_kwrjo,0.471378375363
t3_1cw1ms,0.440153243006
t3_uj99i,0.485886185424
t3_1apdwu,0.349990409908
t3_iborf,0.435368841714
t3_12kfy9,0.45932377195
t3_126tep,0.377461845463
t3_ji3ca,0.481944484276
t3_lqnpz,0.636556396458
t3_ibvn8,0.473582308805
t3_i50i4,0.444017792704
t3_lushm,0.384203867492
t3_iffit,0.458952218468
t3_12nmdv,0.417869227391
t3_1lrh6u,0.462455404847
t3_qvbzt,0.467817304562
t3_1iez5w,0.5025209144
t3_ql5gi,0.449988351078
t3_1msxkn,0.429453779859
t3_jf2fg,0.488200402125
t3_1g4lyw,0.42475893993
t3_1k910y,0.536070565201
t3_x3cmt,0.43064729574
t3_x9etl,0.336254278585
t3_klaa6,0.424159685592
t3_yht6g,0.434617220385
t3_y2ljd,0.504814119896
t3_ialy9,0.532299632632
t3_naq48,0.471904540232
t3_107ru4,0.440382295842
t3_1ihfkx,0.42888242332
t3_1ll049,0.407565896494
t3_12nmjl,0.385323599555
t3_1mit7t,0.407071467253
t3_1n84jc,0.445294062378
t3_1boflh,0.486658650371
t3_121toe,0.446085214841
t3_umaqa,0.458734897588
t3_i4ck0,0.467988736287
t3_193zo3,0.367390690829
t3_1jggdv,0.418844008616
t3_lencv,0.474660079051
t3_1ahfft,0.281879823396
t3_vpa6p,0.306705120509
t3_k1yom,0.362811984633
t3_k4nfr,0.497716739477
t3_iptt8,0.478961522836
t3_1n5n9z,0.609011518147
t3_sss6w,0.528866713146
t3_jb038,0.483386868428
t3_v8beo,0.462292865742
t3_i9qjc,0.488690188425
t3_uoywy,0.380754316069
t3_15gf4h,0.468191817116
t3_z7i98,0.418506525481
t3_kibv8,0.445797353597
t3_lope8,0.498249009386
t3_116umn,0.403810988947
t3_k31fw,0.482304903385
t3_yl88m,0.465603292349
t3_iypmh,0.499723794263
t3_ihdnr,0.433455611118
t3_15jy6m,0.455181498835
t3_1l0j5d,0.471156122936
t3_1diu6d,0.46017904952
t3_1fzhzr,0.509496734729
t3_iclgj,0.47798675749
t3_1jzcon,0.35428899441
t3_l2tb0,0.0734908314839
t3_16xpx8,0.445697951289
t3_1h6hhv,0.27207842944
t3_10u7w0,0.770496848012
t3_vnbuw,0.497606967531
t3_j0p9a,0.487500909908
t3_z59mf,0.484025027598
t3_1lozqp,0.619169955305
t3_mwzrw,0.460282183738
t3_iri2m,0.471767089812
t3_qc8g7,0.48100600426
t3_mkd95,0.379664062742
t3_yl0d6,0.474363961889
t3_1gtjtl,0.477072170923
t3_1l8cy1,0.439758474155
t3_k0rt7,0.502319342557
t3_17bfiq,0.516836418813
t3_10ha4t,0.47247762579
t3_ylne2,0.500722649068
t3_q3bzv,0.375531837213
t3_100ws2,0.476281557595
t3_wkix8,0.488594008956
t3_1cqwsx,0.454823105505
t3_144op5,0.62016216985
t3_pmvgu,0.459131841295
t3_16bg93,0.376517747948
t3_10a2dc,0.39972959876
t3_pt1qv,0.463121295445
t3_1na4hu,0.727992583098
t3_1lt6br,0.296305656065
t3_152ods,0.424823809705
t3_1j96zh,0.421094603066
t3_ialea,0.48063615299
t3_1kiib3,0.500672179223
t3_zj8ln,0.391341447041
t3_1ku1id,0.331140618501
t3_yq9dd,0.427035365061
t3_j1ppy,0.572237986527
t3_12rcts,0.416890402966
t3_1005cj,0.455049709571
t3_v10wr,0.21939129727
t3_10tzmd,0.490268266245
t3_1j4sg0,0.447609163786
t3_13y2ou,0.35941519723
t3_16c7pm,0.47259840954
t3_jpyr1,0.463613229723
t3_ynmkd,0.439820680757
t3_14wvfb,0.50319534117
t3_qj5j2,0.502632928424
t3_ys4zk,0.456652471516
t3_1imxgn,0.0441796306518
t3_ukrwy,0.476156932946
t3_1b4spk,0.426718114566
t3_wpp9o,0.468671587097
t3_s4jhg,0.303113263405
t3_i2vq7,0.320309750115
t3_1miz3n,0.786595942719
t3_1209kl,0.608725834203
t3_wh0l4,0.418353707075
t3_lu96s,0.468496830662
t3_kcfr0,0.4838053825
t3_1myvpl,0.46358354658
t3_1l0lpu,0.492737900808
t3_z1lre,0.552993303015
t3_1mu7o8,0.160836660494
t3_zukcs,0.472958433493
t3_i6vkd,0.519456545762
t3_kcldp,0.495970628546
t3_19dhd6,0.330183668303
t3_1i7c6y,0.351131940657
t3_seonb,0.377956239431
t3_rv4en,0.459677312084
t3_qrwex,0.544274127846
t3_1mo5ws,0.319806329885
t3_ndq9f,0.143287692161
t3_o0l9h,0.228558533479
t3_tds8d,0.437912980772
t3_1jde5v,0.459936466763
t3_12hb73,0.49208846112
t3_juemz,0.470907567377
t3_kh34f,0.487263554885
t3_khwp6,0.473183316315
t3_iqumh,0.634551415253
t3_pszmn,0.493219101114
t3_1mx366,0.413468642352
t3_jcm20,0.420763144595
t3_1bbzet,0.372177893307
t3_iowa1,0.510176854404
t3_1h1syy,0.457904432759
t3_myx8u,0.465971707575
t3_1g7ny0,0.0133855819552
t3_17tkid,0.682757718586
t3_11hcyw,0.423876431575
t3_n6qkh,0.491249478495
t3_tmn3s,0.470851850139
t3_11v7q2,0.508338565316
t3_1cd6yv,0.450518391506
t3_io0oy,0.497696386405
t3_1hip5p,0.46362858443
t3_1gkd2i,0.412474758993
t3_hvgv7,0.379732512975
t3_m5a39,0.430278434529
t3_17sl35,0.49578228802
t3_utp3h,0.4834097528
t3_10tv7s,0.439991052991
t3_1a40n4,0.290952469365
t3_kj8a0,0.447665856334
t3_1mgrri,0.487784199544
t3_1nd11h,0.492894855946
t3_1ldhfb,0.440543514765
t3_10mo95,0.473070032778
t3_sx32l,0.474456026773
t3_pw2mi,0.436132892199
t3_o7co1,0.473756752573
t3_16stuw,0.344959405927
t3_1ctx4r,0.332342792388
t3_1adx9s,0.485044016389
t3_il9ks,0.309225033799
t3_rp169,0.476295886459
t3_zatki,0.459607392022
t3_iknip,0.243106199653
t3_uhoi3,0.277326374752
t3_uz6m5,0.446875567365
t3_127wms,0.500620673897
t3_16bong,0.418325769112
t3_uz1hn,0.451692884691
t3_keq0w,0.260202687325
t3_y3hef,0.492120428054
t3_iaoch,0.603638449655
t3_rf6ne,0.478292191901
t3_1cjpyc,0.612180395122
t3_t1rba,0.46840142957
t3_j5td8,0.48562133175
t3_mpkb2,0.497922516115
t3_x8k7r,0.493942033891
t3_ikw4b,0.472472842222
t3_1784zg,0.48653243891
t3_it7o4,0.484352988418
t3_zv8j4,0.669111318178
t3_12t1lk,0.462939483174
t3_vjk10,0.439684419474
t3_khwh9,0.432176394565
t3_1b7u1o,0.446271893903
t3_1l2duz,0.452654528494
t3_wkwew,0.574571694453
t3_l1klc,0.415311788669
t3_1epqt0,0.396549829857
t3_1mvp23,0.467082128168
t3_tnfo9,0.460831316443
t3_ka7al,0.417225680499
t3_wwl2i,0.389402419002
t3_inkwj,0.433266298367
t3_ilt19,0.622609168346
t3_pgs0h,0.39391077134
t3_iwfey,0.490379507696
t3_jqgd5,0.472268077184
t3_qc5o5,0.458535021038
t3_soims,0.428658725803
t3_17s4gm,0.40168594278
t3_1hq0de,0.433633019979
t3_jigc8,0.448568630519
t3_1l2vma,0.0745297875349
t3_14t437,0.492467411491
t3_19jx8n,0.47767880108
t3_n420r,0.427928444448
t3_1czpg7,0.474204631882
t3_ishzm,0.499048223682
t3_nx2c3,0.4228447157
t3_1jx4g7,0.494830065818
t3_12zak9,0.525641978094
t3_p7o7p,0.4953551747
t3_u7588,0.393765890694
t3_icoi3,0.484349510833
t3_10p6bh,0.157691992864
t3_j0ert,0.395649880715
t3_i5pv9,0.469274125521
t3_ncw61,0.492035105687
t3_1a6oez,0.376223529952
t3_15zae8,0.532670818264
t3_118p7t,0.433019358645
t3_p1s5g,0.431116667389
t3_slvkc,0.505128196716
t3_1n0mel,0.473236874394
t3_z9a9f,0.4367468027
t3_vzxe5,0.513169133701
t3_103oiv,0.361026701929
t3_14wzoi,0.485485197532
t3_1ib7b2,0.491776360538
t3_llyi4,0.481404432243
t3_1kxzgl,0.714261633889
t3_ihdep,0.499769452402
t3_iui32,0.47196439799
t3_pwu9g,0.492827536366
t3_1jd4uk,0.438070602998
t3_iq6md,0.423398383418
t3_x7u2w,0.449872069482
t3_1j6vvd,0.478046918831
t3_103ub7,0.678633906952
t3_14a8dq,0.186138908194
t3_m99m6,0.418299615557
t3_x7oqf,0.598815682146
t3_1ce5o7,0.484260924383
t3_1cvjjv,0.479709032286
t3_1nbngz,0.465435694262
t3_1a8xdn,0.516798416609
t3_16yaml,0.42137919595
t3_1i8aq1,0.516532597054
t3_15nht5,0.479781934352
t3_1glm8v,0.482029734317
t3_l8c3e,0.459427066754
t3_qgp7g,0.00388492380574
t3_1bbkjj,0.472437346053
t3_l7tdm,0.472867015829
t3_oqfw3,0.346449388301
t3_vn01f,0.500389353547
t3_j7spk,0.643014478221
t3_k6wpu,0.502751490411
t3_wywms,-0.114595690755
t3_1mzwgv,0.654493412916
t3_1g30en,0.597993243647
t3_1lqpgs,0.482132781485
t3_xlntv,0.482115087532
t3_1jaeay,0.460810458836
t3_xwkff,0.438865571321
t3_qble3,0.480770271829
t3_vgtvb,0.391236168187
t3_huun2,0.347560039811
t3_11iwbh,0.432222813619
t3_saszu,0.472489138677
t3_17ziw6,0.497691793376
t3_nfyao,0.54233840585
t3_zuqs9,0.42534252045
t3_1aoyt9,0.384942692244
t3_i5viy,0.456474135943
t3_1alsyg,0.428552971995
t3_1i1vg0,0.400879293849
t3_ot0gt,0.411209571608
t3_o32bg,0.475252656714
t3_1ihs5o,0.33818036218
t3_n6ike,0.41979278882
t3_19w1fa,0.0720574395455
t3_1iz7w9,0.537381474648
t3_15irym,0.486534934044
t3_recpu,0.467861429511
t3_1bnjaf,0.84615770373
t3_mn557,0.477289800621
t3_1iuxw6,0.470760935332
t3_1eipbs,0.488171562826
t3_16gm64,0.460108227814
t3_z10a2,0.292200392513
t3_jq2qd,0.294778872332
t3_yl0mo,0.484082822935
t3_iburr,0.53277569078
t3_ijk8n,0.436438615936
t3_jya89,0.53872294678
t3_mslxz,0.361861682175
t3_1nuvzh,0.451151050216
t3_kkd4w,0.484779980761
t3_qbp6w,0.45049937946
t3_1g2qc7,0.460665611616
t3_10fjy1,0.416041728169
t3_qzqrr,0.258170358772
t3_sizfg,0.415826935481
t3_k6dvb,0.892148653539
t3_jx8c9,0.470218445847
t3_1l7szl,0.477103739658
t3_kal40,0.53942072566
t3_y80tw,0.413172320104
t3_q087s,0.441350071089
t3_wcv08,0.318151978298
t3_11ybtb,0.471397685349
t3_jb0sr,0.50785882009
t3_iqyh1,0.735734529146
t3_vbvas,0.480991795071
t3_i77kq,0.316569709665
t3_kn4tz,0.47549903732
t3_iql59,0.448292571858
t3_1jtmxq,0.392592997049
t3_1g4n79,0.381580512658
t3_18a5ku,0.396214224661
t3_1eojga,0.426876327292
t3_qyoqv,0.45641623503
t3_j0c1a,0.476691196303
t3_14yxcw,0.448165075469
t3_16n6pk,0.413393877663
t3_vmld7,0.500151273972
t3_19wz0p,0.15663513234
t3_wh5io,0.487336341721
t3_wllf8,0.28483875668
t3_1j8sle,0.503532735983
t3_ygzwt,0.475224776454
t3_sf1tx,0.457182493894
t3_my2jp,0.496007716972
t3_1csu44,0.500344815322
t3_1gzwv3,0.479089036753
t3_14i071,0.442751598523
t3_mlvt9,0.500354044342
t3_16bki5,0.522336919669
t3_1irwdx,0.474516400433
t3_o9r7b,0.469736860027
t3_14ul32,0.412686930542
t3_1i0eh2,0.466054850604
t3_mqngj,0.472083175763
t3_1crdrj,0.487330511335
t3_x5h3j,0.483197416767
t3_1kud1g,0.549238202122
t3_iokob,0.425436553992
t3_lqc45,0.472640231723
t3_1nbk5w,0.427487981013
t3_1dqyg1,0.363592444572
t3_1lxc6a,0.452430463315
t3_16up9c,0.472312019793
t3_ki92d,0.469608347621
t3_xun5w,0.39347789855
t3_jp37k,0.236892295317
t3_iw40l,0.362318890285
t3_1bnc88,0.430383676543
t3_nf344,0.530885545315
t3_if7k2,0.468612855445
t3_jkyp6,0.422480143959
t3_1cpe20,0.495621794846
t3_tq16k,0.418377797062
t3_1dd5tg,0.305637611876
t3_16smd3,0.452589209678
t3_uumxf,0.664242963965
t3_1ihpy4,0.470342920504
t3_ip2hr,0.639610593664
t3_pvcnn,0.505577076994
t3_16kriw,0.283754039071
t3_lwy5f,0.466802011309
t3_wy5o2,0.871944732914
t3_15995m,0.467937731865
t3_1g80pd,0.322980035817
t3_vt5ky,0.450513242569
t3_kpi24,0.335799560775
t3_15uhsz,0.465903671949
t3_wy5zu,0.267340586094
t3_x3kb1,0.406691170191
t3_j6rym,0.488707559882
t3_oseds,0.622493722447
t3_11u31u,0.54053896538
t3_r167g,0.0840575289051
t3_1dauom,0.446585457708
t3_11h6ki,0.777009665384
t3_y9wpd,0.461184295254
t3_spamz,0.425665549649
t3_1ikz3c,0.442402928376
t3_y60rj,0.094398543353
t3_vctql,0.575199877431
t3_k50j9,0.419195017926
t3_iavvx,0.463077826795
t3_u97ej,0.455424412695
t3_zeqka,0.481262618533
t3_ivcii,0.539302160165
t3_10u1pr,0.486929268896
t3_ibqzx,0.372299866468
t3_k1f2x,0.236780596627
t3_1e9rou,0.44946695575
t3_ibp27,0.337598610881
t3_yfron,0.438314443608
t3_ity9v,0.502219112264
t3_16tpsb,0.3381339776
t3_1iwtmh,0.483086626329
t3_o8a74,0.479486929676
t3_lqmfy,0.478179283798
t3_yabhi,0.447067663576
t3_1gzjki,0.498905452166
t3_qlw5i,0.400954092328
t3_1iwu3k,0.474577161395
t3_wzgke,0.490957269304
t3_x60uq,0.451016215718
t3_1n8ya7,0.445922996279
t3_1mxh2m,0.601753976146
t3_nuc18,0.513429626716
t3_n02dy,0.479618974187
t3_19jb1z,0.309788516145
t3_1krrqc,0.300903250753
t3_xuxaw,0.476393482026
t3_xoqxy,0.470723563367
t3_1iu6wt,0.485846985989
t3_1hbjrr,0.378164254296
t3_14xerk,0.209172782796
t3_o4np7,0.486967443794
t3_j6rve,0.486847374281
t3_zjzx0,-0.0626712175172
t3_wdhwu,0.435123324359
t3_1ii2m8,0.479593134191
t3_12jnd7,0.364045264261
t3_noqvy,0.49477085954
t3_1nbmq4,0.447604732326
t3_13bycv,0.5013198049
t3_1d3knr,0.43327460391
t3_wogdg,0.486330492501
t3_11q44h,0.267143164772
t3_12nzg3,0.483007691446
t3_17tw9t,0.437385802593
t3_if2lx,0.480705172142
t3_1jun2m,0.512742669275
t3_19cylf,0.404017773094
t3_jt3rn,0.482002209089
t3_1ibd5b,0.354615001335
t3_l7cxz,0.401177845453
t3_1ci2kn,0.437090872615
t3_lcdp2,0.332803719184
t3_1lfolk,0.578296883354
t3_1j8mbe,0.400042623777
t3_jx8ma,0.431032359341
t3_1cu42k,0.412163113559
t3_kalpb,0.419821049044
t3_12lehd,0.455377262019
t3_kskxw,0.373730704082
t3_1n296f,0.503284692331
t3_lgsol,0.467348218532
t3_i82id,0.483200405776
t3_n5ee3,0.380226874853
t3_mw6mn,0.486454302888
t3_1c162l,0.483940874088
t3_ihvtc,0.498601457608
t3_154oxy,0.473675300363
t3_kqiam,0.483716539321
t3_n5s0d,0.467983933596
t3_10kx56,0.494977044301
t3_v1zxp,0.447090979625
t3_11oca5,0.523769859329
t3_lhtt9,0.46481213609
t3_o1sex,0.707135730122
t3_10opxp,0.47295255613
t3_11l9tf,0.566410445137
t3_wad1r,0.468876309091
t3_11ub4a,0.495010250361
t3_yrhwg,0.479632432647
t3_wapmb,0.482135723364
t3_1azh0f,0.499933973036
t3_1cyenp,0.285625951145
t3_m4a4w,0.570421085694
t3_16ei1j,0.457820207297
t3_17dp7q,0.474102002029
t3_1b1yue,0.36640030653
t3_128jt5,0.48410476473
t3_xbm38,0.450422192633
t3_1hplyt,0.63427923558
t3_yhdcj,0.338989982235
t3_1h7v40,0.332268102655
t3_qywp7,0.571597453463
t3_1mjo0g,0.411457710165
t3_i2gwx,0.602504057081
t3_x7px3,0.470897839738
t3_17crrn,0.42937600816
t3_15muo0,0.460258724933
t3_iatwz,0.482847207322
t3_j55ss,0.492248019594
t3_1ah59z,0.435166192918
t3_1hg3ju,0.42496276812
t3_kfdgh,0.478338520973
t3_l61uc,0.483523166843
t3_w6c9t,0.326341765106
t3_m5gfe,0.504299361875
t3_1nuw9m,0.687380730158
t3_rc0s8,0.465655954171
t3_n04lh,0.408530635185
t3_ozr08,0.646880596741
t3_k5v9b,0.379353440153
t3_z1zks,0.43436324499
t3_q5yda,0.452899016444
t3_y3xyz,0.461801292316
t3_julqz,0.453509516524
t3_14tned,0.449623107644
t3_11ppkr,0.342647078838
t3_1cruvk,0.461481002784
t3_s3iwq,0.559542739159
t3_iqvav,0.457065046116
t3_lzc3o,0.58863147507
t3_wgfco,0.360707603155
t3_14tp3u,0.432351404564
t3_pgnfb,0.443069191194
t3_jf2ir,0.478086269408
t3_k4gza,0.368798956772
t3_10wg2c,0.486105526576
t3_if7p7,0.477467418884
t3_m45jf,0.429381233213
t3_uf051,0.542971440799
t3_17mn5i,0.405333784713
t3_17gl52,0.446491572862
t3_iqvla,0.480121610722
t3_ldki5,0.399892791706
t3_1126jt,0.629059978808
t3_mvsb5,0.464621679932
t3_n32ze,0.694260580695
t3_gl7ef,0.46097897041
t3_iug9n,0.474245872591
t3_1ewdrb,0.490873482677
t3_tdu8m,0.478947743687
t3_k91wr,0.497435075846
t3_r0h5h,0.406271935031
t3_ifbw5,0.467525492316
t3_1n7sx3,0.501015621776
t3_1b5a4p,0.498419547866
t3_iamq6,0.525658402079
t3_o6z29,0.472810022134
t3_jydqo,0.356538967985
t3_p3ftt,0.466795484247
t3_pupzc,0.505650614293
t3_tn97v,0.475099834961
t3_vqsnl,0.330043222577
t3_12cxuc,0.472441398876
t3_1ktx51,0.475685457087
t3_tydcg,0.401853000428
t3_hug18,0.778119694958
t3_mi7ma,0.553537624965
t3_l67if,0.489165589757
t3_1lml71,0.482648797402
t3_otuha,0.353078083648
t3_1dfe2n,0.431201575809
t3_zkui3,0.261906776422
t3_1mh9w4,0.251235231991
t3_1jp3f1,0.496879932022
t3_16gr5b,0.740421640628
t3_mwd82,0.475819839166
t3_1jn1j6,0.484878843793
t3_1ezf35,0.445965471123
t3_1j4ytk,0.369911376276
t3_ud0gj,0.318231421614
t3_1f8knc,0.30451961147
t3_vgool,0.470753466728
t3_11b1ti,0.378936527397
t3_1aoz8s,0.221052141091
t3_1cr1zd,0.497414776018
t3_yvma1,0.480374674985
t3_ifzvz,0.525160996057
t3_sp26r,0.470240852433
t3_w5b9g,0.256341710269
t3_ql4hw,0.400145123204
t3_v1zdc,0.483267225523
t3_kxz0h,0.465737058453
t3_wa7hw,0.495267699172
t3_lgtm6,0.460995968271
t3_is4sr,0.391428885092
t3_19b1c5,0.484821044824
t3_1iv47z,0.435974789486
t3_1j04eu,0.502173594344
t3_1jx10i,0.431675606034
t3_i5o5g,0.434977320202
t3_1e920k,0.474658280273
t3_k70pb,0.388726992152
t3_xko5d,0.47708351901
t3_1a3vfl,0.394054677662
t3_1lxybt,0.464386171543
t3_ldjhu,0.501215871779
t3_ldeog,0.338375234753
t3_pfod3,0.49456269977
t3_193qwb,0.424643785844
t3_1950v4,0.543290156967
t3_lzkhn,0.444652893908
t3_krl47,0.478726988065
t3_r67bm,0.447824997205
t3_zaw9z,0.538048610726
t3_sxko6,0.473486855596
t3_p8av3,0.469338355108
t3_inwm2,0.632733444595
t3_1ihttr,0.458752094245
t3_j85dp,0.484018549427
t3_1ag1v5,0.49874473475
t3_1lu5yo,0.388540587158
t3_1fj9p3,0.459549545269
t3_1nv4ks,0.442817709916
t3_1mdaak,0.462908204744
t3_1ctxw7,0.462445730751
t3_1eevnc,0.481718468471
t3_1ij15g,0.213312163558
t3_15isv5,0.486066886649
t3_1lf3me,0.773233929189
t3_16d2ly,0.42220380374
t3_1k1xs4,0.545758676953
t3_ytvgx,0.476825288535
t3_1ihggu,0.50308323171
t3_iyq1i,0.516532496726
t3_j2vji,0.292487600632
t3_tf9im,0.519414096548
t3_15ti56,0.512250989852
t3_zq14r,0.481108198619
t3_ix9g0,0.409747544211
t3_sosun,0.44591745584
t3_13byqo,0.49474502157
t3_1cf800,0.491878981918
t3_135fj1,0.36979216585
t3_1crefk,0.507702822904
t3_10cvn1,0.448531008461
t3_sidd8,0.416161086662
t3_l4o05,0.251513035894
t3_1irpp0,0.500709882344
t3_14tboe,0.479587200091
t3_14vcsz,0.426128504636
t3_1ik17v,0.45173800894
t3_1memn0,0.246136875631
t3_1icup0,0.258323880432
t3_lhqi7,0.202024535038
t3_1ipvwk,0.359178346203
t3_1dlaly,0.415738798292
t3_zzuu4,0.49885264516
t3_19cz7c,0.446809605751
t3_1k64o2,0.409956672016
t3_1mjpg0,0.119165574587
t3_iol8h,0.442476639114
t3_1isd30,0.470690859204
t3_lj7oy,0.487966583417
t3_xnm2p,0.485674770999
t3_1c3v9m,0.471810886815
t3_s4svv,0.481472222551
t3_19jlpy,0.37863473514
t3_19nhbi,0.358996794049
t3_1gb1to,0.464786569815
t3_1c8rmz,0.53096017188
t3_1igt9f,0.419046832142
t3_1eqmt5,0.398500393436
t3_rwaf0,0.479512875873
t3_1kw2e6,0.267337657713
t3_1jgelh,0.410633140834
t3_jcq0o,0.423264015789
t3_172kz4,0.478606567655
t3_w56fp,0.47211225216
t3_my16i,0.459256560694
t3_k0r9x,0.449835180868
t3_17sczo,0.262785696454
t3_14im5p,0.486135508599
t3_1ih8z4,0.47106386753
t3_qmmdi,0.478260296595
t3_qgsgw,0.429425923147
t3_1gdjus,0.413336639058
t3_k0vt2,0.470668312607
t3_1jd94m,0.540234988664
t3_k4z02,0.385847064175
t3_lp6lv,0.471212537201
t3_1agayp,0.492053758491
t3_1b9o16,0.466845867774
t3_17q6f5,0.505869152734
t3_n39i4,0.682431109194
t3_pey91,0.482212951917
t3_125l77,0.435489959377
t3_150p6t,0.475330057672
t3_1ig7c8,0.471390163391
t3_1bd8v3,0.445201765176
t3_in1tc,0.608899745285
t3_pcmhh,0.427805707162
t3_ziw36,0.498393412343
t3_m489r,0.387614139671
t3_jxuil,0.232746998891
t3_i7lvc,0.492089731748
t3_iq3hd,0.503590475447
t3_y5tl0,0.731990061186
t3_1mx6dp,0.500118785312
t3_17la4f,0.468619619507
t3_i11au,0.209026965844
t3_naa39,0.532909761146
t3_k87gg,0.454028189529
t3_lrud4,0.453370625102
t3_11k0ch,0.456105798911
t3_jjtne,0.587279344609
t3_1o3fi6,0.46779274409
t3_qwz21,0.513112350285
t3_if9kv,0.482926382001
t3_ino69,0.414393779583
t3_y36b3,0.415466832038
t3_ljw7y,0.465527470885
t3_msmlt,0.440544977159
t3_1c01o8,0.429460067511
t3_yk3jz,0.448609648828
t3_jvh01,0.522229650751
t3_wgsws,0.394822556784
t3_lq66h,0.481267153299
t3_15567s,0.577563381938
t3_1lsr9x,0.470300336101
t3_1d96q8,0.403693852111
t3_r1xtu,0.456028839879
t3_1exwmo,0.467994322743
t3_k4m4x,0.267100937128
t3_15e251,0.489187531138
t3_1ma7rd,0.45951673086
t3_jgtfw,0.341720911532
t3_18droz,0.552240828273
t3_phmbn,0.491350389241
t3_n6s1i,0.480924604891
t3_htxnw,0.511587207308
t3_wkd6l,0.501409112014
t3_1i8b15,0.491393020431
t3_17ovhi,0.48574285843
t3_ngtw8,0.290011365106
t3_jedff,0.326759189027
t3_1iv2s8,0.356309552089
t3_iynyd,0.455788085186
t3_vi2qo,0.482386523734
t3_nz2df,0.483986709431
t3_rkhub,0.303678314031
t3_jmr1j,0.542437223175
t3_iwavb,0.334735547036
t3_iv6eu,0.448666625903
t3_j6nr5,0.422524691818
t3_1cniq6,0.510208174562
t3_q0c6k,0.207196804456
t3_1mufdh,0.734152071654
t3_1bw1b9,0.470859581451
t3_ico94,0.477260467999
t3_vipop,0.491304291869
t3_1iwdep,0.533719912143
t3_1izd63,0.464182328589
t3_1m9j1d,0.469177589569
t3_1g5pyx,0.435774698624
t3_v7tzf,0.445904813055
t3_jog1v,0.452426821589
t3_pe8md,0.361776990029
t3_kxlzo,0.383441809645
t3_kz2ws,0.452643216607
t3_1ee1fp,0.368902456477
t3_khxzm,0.443386129421
t3_1166u8,0.473805751876
t3_wj4na,0.181911691029
t3_11lg2f,0.1857892669
t3_1iwg9n,0.385169435079
t3_vjgu4,0.454305532935
t3_1275dw,0.573433642355
t3_16w1fs,0.431009997485
t3_1lxlbw,0.474029054025
t3_ojw1m,0.510329265108
t3_1jart1,0.62031195536
t3_yf6n3,0.432374623292
t3_1n859f,0.481001376263
t3_n993g,0.458260418229
t3_jzi49,0.460993968499
t3_tv7zq,0.325683819526
t3_opj7h,0.521105106382
t3_12jio7,0.468627868781
t3_1loyn7,0.487229516466
t3_12c6hf,0.420526924781
t3_pzish,0.491246752684
t3_1h05vp,0.420689922001
t3_110efm,0.41665757259
t3_xa98e,0.496166335334
t3_xgrpi,0.370909212214
t3_1h29mo,0.241994782302
t3_niode,0.540954376566
t3_hy49h,0.40863295604
t3_1eluz0,0.434197401073
t3_12eoc9,0.352189706871
t3_1necw3,0.482752340159
t3_1lw16j,0.38033717153
t3_ihh90,0.543786828124
t3_jyepv,0.489359242324
t3_kqf8k,0.474247349551
t3_m9h42,0.271687515767
t3_ikck4,0.644183129684
t3_vzfp5,0.383986101575
t3_1mhbok,0.483660485486
t3_150x3u,0.499585153608
t3_rdsa5,0.678410354383
t3_1k175h,0.267808017108
t3_xu8em,0.409924650859
t3_w7fjy,0.467674073893
t3_xnrho,0.519115360115
t3_1n6wjw,0.433969590801
t3_15fud8,0.240556243032
t3_11hnoe,-0.252105727003
t3_jmnl8,0.28431643575
t3_1kkv09,0.439442062538
t3_ngvgh,0.376441320432
t3_jx94c,0.430042196205
t3_xwxmj,0.410791148677
t3_iwfd1,0.445213878505
t3_10hpsk,0.46986577027
t3_hvwav,0.471419093124
t3_snqsi,0.417957514518
t3_icqr9,0.48790887993
t3_ibz1b,0.495847544337
t3_iay69,0.324167586983
t3_11zblm,0.456956711716
t3_wzkmu,0.482552293589
t3_1crpj5,-0.122389110964
t3_iczu2,0.479573070912
t3_wns9p,0.49308153684
t3_1invu0,0.427889391345
t3_m2hic,0.327600505646
t3_vi9dc,0.425139875383
t3_pimge,0.406756358347
t3_i7adt,0.525925619061
t3_15e9dq,0.47087458496
t3_1czkj9,0.481013521992
t3_1btf55,0.672758043257
t3_yifuj,0.417705051789
t3_zh4v4,0.471958555484
t3_paght,0.457940302707
t3_1bmaeo,0.227504868025
t3_1mnkgu,0.453113802572
t3_1hdqo9,0.503071347928
t3_12lbis,-0.0500641718906
t3_1hcumf,0.45459751576
t3_11s3p3,0.477891677884
t3_1dkhn2,0.306280437335
t3_onxcv,0.483196712919
t3_1g5q8a,0.489540658126
t3_16lcq8,0.477138971556
t3_17gi30,0.530539892963
t3_ibs5y,0.47667914609
t3_1cs2px,0.440452708695
t3_v4w93,0.419362124144
t3_1n1axt,0.480266927533
t3_ihko3,0.528949209831
t3_1896rw,0.466738391317
t3_125i9k,0.461024278975
t3_ww56x,0.413388762791
t3_uj7th,0.295731659694
t3_xsnoi,0.468239895758
t3_jyi06,0.487691698948
t3_yxnzv,0.605430510879
t3_l4640,0.354801098733
t3_1dnss4,0.488469230197
t3_1359u2,0.692698000371
t3_s4r05,0.48163333784
t3_j16ec,0.477950532968
t3_zpi3v,0.439713623909
t3_pyewj,0.488461950544
t3_ychfj,0.475428686935
t3_l4pgj,0.467286485124
t3_1llkaa,0.49783082694
t3_wj3qa,0.447610901661
t3_zy61w,0.488787145427
t3_1dize8,0.420503735992
t3_1f7t8i,0.364728388971
t3_1lerlv,0.48175384619
t3_1meieg,0.468942128572
t3_156xcj,0.451835671065
t3_j8iuv,0.453471792372
t3_irgvc,0.448654252623
t3_qyedt,0.466106531125
t3_u95c6,0.62638409419
t3_1e97au,0.471260162636
t3_wp8uc,0.451420779944
t3_sst1u,0.331151009551
t3_1c63lb,0.555508364909
t3_o85l6,0.459476244591
t3_idivc,0.494360003946
t3_k45dt,0.62623111159
t3_19ywdh,0.119240854991
t3_kf0cy,0.55480463109
t3_137zgp,0.829495779291
t3_1gx8mx,0.532170905944
t3_tvndu,0.437552031181
t3_zsgtc,0.314544634595
t3_l4n9w,0.489148361592
t3_mjeye,0.405456098103
t3_mz1mg,0.47796545005
t3_jgbs9,0.502207947713
t3_1gnaod,0.452795403658
t3_hrz9i,0.479046592736
t3_1me64e,0.46827151007
t3_idq7h,0.420528953294
t3_ys5ol,0.663359334628
t3_1lezr3,0.492376838827
t3_lnwd6,0.430741038928
t3_zwbh8,0.912791983261
t3_1ctkfz,0.381385295666
t3_1kn4ge,0.502066104101
t3_1l10qa,0.459367984541
t3_177ayp,0.532323940221
t3_jijg7,0.476200823053
t3_16vnjz,0.726746743687
t3_1nbk1o,0.401792213885
t3_vem93,0.479619882343
t3_o6e99,0.598893657481
t3_jahvc,0.477390964925
t3_k62zb,0.479036321724
t3_1n351g,0.477246100602
t3_11tjwv,0.382896526286
t3_14ux4w,0.474862756144
t3_ijhc3,0.509359898577
t3_1j6f3u,0.47030665482
t3_w21z2,0.458795913173
t3_j82a6,0.469245332752
t3_pm783,0.470709394312
t3_v3r93,0.482543128174
t3_1jimga,0.623125668938
t3_idti4,0.507643299424
t3_mjkln,0.585607686923
t3_y2ne5,0.463996961194
t3_xry1e,0.480775825842
t3_qceuc,0.507919059025
t3_16noen,0.451779008028
t3_1ee39k,0.487302756148
t3_1eq5xl,0.350099976827
t3_mrkl3,0.544127043349
t3_ojet5,0.429357616328
t3_v0ki0,0.47062689743
t3_jq47k,0.484807038913
t3_1fqoyo,0.411008825636
t3_vbb3v,0.409204111984
t3_1k62l3,0.321637115388
t3_12p4pv,0.445248272655
t3_i37e6,0.375855583853
t3_if7vp,0.480786466815
t3_kvy1i,0.418745965379
t3_xd0ls,0.68213449465
t3_rirnq,0.432832597129
t3_mco6n,0.474473695466
t3_13tugz,0.458516317705
t3_k0ilx,0.444144316495
t3_ibat9,0.56394797481
t3_m42qj,0.459787091625
t3_1cucx0,0.410448110058
t3_zjfck,0.0938177695533
t3_1iv5aj,0.348769822931
t3_u7z81,0.591193439265
t3_ke8v1,0.472316487624
t3_t6s95,0.440826947606
t3_w3y90,0.466095572826
t3_vvs2c,0.462171663439
t3_hupa5,0.477755347429
t3_zf126,0.346865174762
t3_v18x3,0.438730743682
t3_my9b0,0.484740737888
t3_10kngj,0.424466134212
t3_is415,0.465639047213
t3_io8w1,0.478693598886
t3_jatqy,0.543093417774
t3_yz9sf,0.457349080563
t3_k4z3q,0.477263191078
t3_1bird0,0.423818275747
t3_1cjq75,0.598285439992
t3_1cle36,0.467638816926
t3_1cgw6n,0.271936648994
t3_yvb02,0.448594985857
t3_jzmij,0.136739700325
t3_iii4u,0.497545520272
t3_jmyq9,0.438252191075
t3_kr3gt,0.442792496468
t3_w8rkv,0.449127496783
t3_12x5q1,0.294328425123
t3_jshkp,0.476598821399
t3_1o9hi0,0.450178146757
t3_u64m1,0.256102248887
t3_1cylzs,0.420608366993
t3_icou8,0.493067104817
t3_jvh8u,0.342724558415
t3_rzjzd,0.39214174291
t3_mxzhx,0.580456636613
t3_vwclz,0.454653773685
t3_wxsh1,0.142075050995
t3_k3ki7,0.371798659616
t3_j6283,0.507688362065
t3_mxya9,0.468762678983
t3_1aduwk,0.440494473648
t3_ot2tt,0.492374155986
t3_1lvsn9,0.431486886438
t3_1cysab,0.55586490473
t3_nhqn0,0.494741123115
t3_1109ba,0.512354736034
t3_11sa5p,0.444616970662
t3_16wls1,0.482754327127
t3_1i8cqz,0.0223968534408
t3_wwkkm,0.319233539814
t3_110gio,0.394844175378
t3_inmlb,0.427060504611
t3_k3ocx,0.489155835989
t3_1hz09s,0.432209779013
t3_1mzio9,0.4852241253
t3_lb1w0,0.556950705146
t3_1crwei,0.402743314342
t3_q5961,0.477144365704
t3_lxx3z,0.498574217531
t3_16appe,0.445880660533
t3_1adg49,0.455903401139
t3_iyk1y,0.447693618829
t3_1iw0gf,0.442459364542
t3_x1o1v,0.216462980593
t3_1m23pg,0.493112537278
t3_yintm,0.177359998993
t3_ts9p3,0.460594599661
t3_z9ck0,0.495663919005
t3_th40x,0.84568274521
t3_icon7,0.492240647545
t3_t0mtn,0.386504324958
t3_juayz,0.457396117867
t3_mzfsp,0.430542500767
t3_14exjy,0.371802369484
t3_1c7725,0.460467498023
t3_1ifyzz,0.595589624977
t3_i96f9,0.394322463266
t3_kbmyh,0.490013241883
t3_170pqr,0.412424217157
t3_sqwpp,0.479791877045
t3_1553el,0.434928657021
t3_ikbu8,0.433601612085
t3_y6aab,0.396448519121
t3_1fxma9,0.412476995239
t3_18gj1h,0.395942440769
t3_o0jew,0.425572228964
t3_1jpkbf,0.363340406568
t3_idu38,0.407465514052
t3_lhjci,0.495571986401
t3_1d3hd7,0.347689748789
t3_150b65,0.398922623237
t3_rjp1j,0.491179480887
t3_k30r3,0.475080319045
t3_1hav4d,0.47914332629
t3_1a5ixr,0.419499048273
t3_pxd37,0.46087447131
t3_1djtso,0.536964156057
t3_14ezoh,0.498813710617
t3_12obj5,0.488385316625
t3_nqwjm,0.462283063177
t3_oifsx,0.324138387652
t3_1f45sh,0.422852673255
t3_1fr5bm,0.452062052718
t3_r7odh,0.494651345603
t3_1kmou4,0.445237838306
t3_17pzg4,0.487920073649
t3_i0miz,0.474754661136
t3_il0s0,0.485357010724
t3_1l5uzx,0.497312744948
t3_1evpom,0.469310600702
t3_idy6k,0.376890847397
t3_sshis,0.466052336615
t3_1blxrm,0.473304102741
t3_1esd91,0.0943252874676
t3_vai9m,0.43836928976
t3_ne3jr,0.478931203731
t3_1nm9os,0.341976703204
t3_ledhr,0.399049449006
t3_pw02q,0.488002888454
t3_irgbj,0.47849342324
t3_xd9hv,0.464147452792
t3_icu7p,0.467217604853
t3_1d8yob,0.383283622333
t3_l4xry,0.492537043429
t3_112jsu,0.435013357843
t3_kly75,0.513292535991
t3_ifrfv,0.483055350967
t3_x8mp3,0.433253655576
t3_x2qzw,0.438922610934
t3_13u1al,0.366539278646
t3_xnwf2,0.44877561029
t3_xf1p9,0.47544675979
t3_jjz0j,0.456010258768
t3_k08dr,0.501399973378
t3_1af9hg,0.457371855093
t3_tl8gg,0.458874160753
t3_qdtn7,0.446279473659
t3_ubnwm,0.497242354466
t3_s14x9,0.47485179704
t3_157g5c,0.358041942436
t3_y9nfg,0.53032717133
t3_tfqnk,0.41892246234
t3_1lxsiq,0.40663802956
t3_r1boq,0.263091240976
t3_14ihpw,0.476778283261
t3_12124d,0.422979559848
t3_10o1th,0.613737498406
t3_1blyk4,0.472166805888
t3_jxj0w,0.607829490481
t3_12vddw,0.474132432859
t3_1kow8l,0.518640288244
t3_llfug,0.595002935738
t3_1fqagd,0.436279770345
t3_pfs19,0.460456682478
t3_185q0b,0.484719341008
t3_th6m0,0.45754938354
t3_1ma6le,0.475149592185
t3_k0q1w,0.487628070359
t3_15xp2y,0.253906652533
t3_vpe62,0.489129739727
t3_12gbgy,0.39278712392
t3_jtsb9,0.455786177643
t3_wly8k,0.485212115547
t3_j2k0d,0.47382923617
t3_1j4tf5,0.402808445639
t3_yfjn0,0.476257507786
t3_1cot73,0.4490270078
t3_n81pv,0.373838720475
t3_ijnhm,0.433026023293
t3_1493gl,0.501602435847
t3_1i4pcy,0.606079609526
t3_n5o88,0.43496019195
t3_mrgd3,0.362992314554
t3_1fqv6l,0.449822964045
t3_mscj8,0.297688484332
t3_tiyor,0.423102625965
t3_l4rl8,0.460123618895
t3_1e2v32,0.444916064287
t3_r7sgr,0.46891318181
t3_t0krh,0.481265066407
t3_iregv,0.56114628604
t3_ndcvq,0.485238376422
t3_w3ldb,0.386449163618
t3_q3io5,0.44627773801
t3_smcni,0.47899705048
t3_zzsho,0.465102973177
t3_pr3p3,0.457412867057
t3_1hluyc,0.607851988075
t3_k025c,0.477622791428
t3_1go8c1,0.49700983415
t3_ihhbr,0.424008592494
t3_1ckfzz,0.453767047192
t3_1l7ksf,0.477787908632
t3_vawcb,0.513613525287
t3_mody8,0.476838399478
t3_1foy3z,0.497687666242
t3_qzu4g,0.348164076093
t3_lmb89,0.455006873401
t3_1m53fu,0.44447461985
t3_10cy64,0.419044762196
t3_m7m7l,0.439190793935
t3_1lfrlc,0.445178554246
t3_iihye,0.414327892472
t3_xn5hp,0.469426353767
t3_ro9ud,0.429296747611
t3_kx1pn,0.494691975716
t3_1cn0h3,0.416632516365
t3_zq12j,0.472238802502
t3_1br2hm,0.444082579893
t3_knttk,0.522560614081
t3_11wza2,0.482266757477
t3_iwbsf,0.426061464106
t3_nys7g,0.543438406857
t3_17pmtu,0.445808264519
